{"charts":[],"tables":[],"reportMarkup":"[{\"id\":\"KEarDvkVEg\",\"type\":\"paragraph\",\"data\":{\"text\":\"sdsjfklsjdfksdjfksdfj\"}},{\"id\":\"SBpXSuSyi_\",\"type\":\"table\",\"data\":{\"withHeadings\":false,\"content\":[[\"1233151545fgdsgfdg\",\"sdfg54g543g45g\",\"gtrwg54g54h45h\"],[\"5gthbfgdhfghdfg\",\"gfhdfghdfghfdgh\",\"gfhdfghfgdhdfgh\"]]}},{\"id\":\"6kJoCNk_Iq\",\"type\":\"list\",\"data\":{\"style\":\"unordered\",\"items\":[\"asdasdsadasdasdasd\",\"asdasdasd\",\"asdasffsagsg\",\"asdasdsadasd\"]}}]"}