{"id":7566,"projectName":"hadouken_test_666","settingsId":null,"comment":"","lastModified":"2025-05-21T12:17:55","contentFormat":"yaml","contentModelVersion":null,"labelSet":[],"testType":"STABLE","requestCount":1,"totalDuration":60,"version":[{"id":8647,"projectId":7566,"settingsId":null,"createdOn":"2025-05-21T12:17:55.690Z","location":"boomq/teams/25/projects/7566/v_8647.yaml","comment":"","contentFormat":"yaml","contentModelVersion":"2.0.0","testType":"STABLE","requestCount":1,"totalDuration":60,"versionNumber":1}]}