{"content":[{"id":25,"teamName":"Нагрузка 3. Группа 1. 2025","icon":null,"teamMemberCount":49,"projectCount":16,"testCount":12,"userPermissions":["EDIT","ADMIN","VIEW","MANAGE_USERS_IN_ORG","RUN"],"createAt":"2025-05-19T07:03:40.127Z","updatedAt":"2025-05-19T07:03:40.127Z"}],"pageable":{"sort":{"sorted":false,"unsorted":true,"empty":true},"pageNumber":0,"pageSize":5,"offset":0,"unpaged":false,"paged":true},"last":true,"totalElements":1,"totalPages":1,"first":true,"sort":{"sorted":false,"unsorted":true,"empty":true},"numberOfElements":1,"size":5,"number":0,"empty":false}